year,month,count_rate
2010,1,6810.9
2010,2,6717.7
2010,3,6655.7
2010,4,6600.5
2010,5,6629.9
2010,6,6610.1
2010,7,6599.3
2010,8,6578.1
2010,9,6578.1
2010,10,6604.1
2010,11,6575.1
2010,12,6533.8
2011,1,6559.0
2011,2,6529.6
2011,3,6508.3
2011,4,6384.5
2011,5,6458.7
2011,6,6292.7
2011,7,6347.4
2011,8,6363.1
2011,9,6355.7
2011,10,6320.9
2011,11,6398.4
2011,12,6486.1
2012,1,6394.6
2012,2,6321.8
2012,3,6162.0
2012,4,6368.4
2012,5,6388.2
2012,6,6301.1
2012,7,6117.0
2012,8,6148.8
2012,9,6241.5
2012,10,6235.2
2012,11,6260.6
2012,12,6304.7
2013,1,6324.0
2013,2,6327.1
2013,3,6272.1
2013,4,6280.3
2013,5,6103.1
2013,6,6095.6
2013,7,6113.8
2013,8,6153.7
2013,9,6192.6
2013,10,6260.3
2013,11,6229.7
2013,12,6175.5
2014,1,6204.1
2014,2,6090.6
2014,3,6133.6
2014,4,6163.1
2014,5,6213.2
2014,6,6128.3
2014,7,6170.1
2014,8,6230.6
2014,9,6161.5
2014,10,6164.1
2014,11,6145.3
2014,12,6019.5
2015,1,6071.1
2015,2,6084.3
2015,3,6002.8
2015,4,6057.4
2015,5,6129.9
2015,6,6113.6
2015,7,6186.8
2015,8,6195.9
2015,9,6197.4
2015,10,6211.7
2015,11,6236.9
2015,12,6275.6
2016,1,6376.4
2016,2,6430.6
2016,3,6419.6
2016,4,6431.9
2016,5,6437.7
2016,6,6469.1
2016,7,6439.5
2016,8,6484.8
2016,9,6489.5
2016,10,6542.3
2016,11,6583.3
2016,12,6580.0
2017,1,6618.8
2017,2,6635.6
2017,3,6654.4
2017,4,6616.1
2017,5,6632.2
2017,6,6649.4
2017,7,6586.0
2017,8,6516.6
2017,9,6474.5
2017,10,6545.3
2017,11,6616.4
2017,12,6630.5
2018,1,6633.3
2018,2,6653.6
2018,3,6661.9
2018,4,6677.3
2018,5,6667.0
2018,6,6707.4
2018,7,6701.7
2018,8,6701.8
2018,9,6711.8
2018,10,6722.5
2018,11,6709.8
2018,12,6698.0
2019,1,6699.6
2019,2,6689.3
2019,3,6733.4
2019,4,6731.8
2019,5,6674.2
2019,6,6719.1
2019,7,6719.1
2019,8,6713.3
2019,9,6738.9
2019,10,6752.3
2019,11,6739.5
2019,12,6743.1
2020,1,6762.3
2020,2,6793.2
2020,3,6783.7
2020,4,6813.1
2020,5,6790.6
2020,6,6767.1
2020,7,6759.6
2020,8,6756.2
2020,9,6753.2
2020,10,6746.2
2020,11,6746.6
2020,12,6707.1
2021,1,6697.2
2021,2,6621.0
2021,3,6708.7
2021,4,6736.5
2021,5,6730.2
2021,6,6716.4
2021,7,6688.0
2021,8,6715.8
2021,9,6703.8
2021,10,6704.7
2021,11,6651.0
2021,12,6675.0
2022,1,6660.2
2022,2,6601.2
2022,3,6595.4
2022,4,6576.2
2022,5,6493.8
2022,6,6402.3
2022,7,6333.0
2022,8,6267.1
2022,9,6325.1
2022,10,6372.1
2022,11,6366.9
2022,12,6229.9
2023,1,6202.7
2023,2,6079.4
2023,3,6062.2
2023,4,6135.2
2023,5,6103.5
2023,6,6093.2
2023,7,6020.5
2023,8,5935.8
2023,9,5915.0
2023,10,6001.7
2023,11,5911.6
2023,12,5877.6
2024,1,5902.4
2024,2,5888.2
2024,3,5899.3
2024,4,5913.7
2024,5,5797.5
2024,6,5899.2
2024,7,5982.8
2024,8,5848.3
2024,9,5715.1
2024,10,5593.9
2024,11,5618.1
2024,12,5646.1
2025,1,5709.0
2025,2,5755.3
2025,3,5738.7
2025,4,5700.1
2025,5,5750.9
2025,6,5569.2
2025,7,5704.3
2025,8,5767.0
2025,9,5700.0
2025,10,5723.4
2025,11,5497.4
2025,12,5589.0
