year,month,phi_MV
2014,1,606
2014,2,681
2014,3,652
2014,4,633
2014,5,600
2014,6,656
2014,7,628
2014,8,590
2014,9,634
2014,10,632
2014,11,645
2014,12,731
2015,1,695
2015,2,686
2015,3,743
2015,4,705
2015,5,655
2015,6,666
2015,7,617
2015,8,612
2015,9,611
2015,10,601
2015,11,585
2015,12,561
2016,1,500
2016,2,468
2016,3,475
2016,4,468
2016,5,464
2016,6,447
2016,7,464
2016,8,438
2016,9,436
2016,10,407
2016,11,385
2016,12,386
2017,1,366
2017,2,357
2017,3,348
2017,4,367
2017,5,359
2017,6,350
2017,7,383
2017,8,420
2017,9,444
2017,10,405
2017,11,367
2017,12,360
2018,1,358
2018,2,348
2018,3,344
2018,4,336
2018,5,341
2018,6,321
2018,7,323
2018,8,323
2018,9,318
2018,10,313
2018,11,319
2018,12,325
2019,1,324
2019,2,330
2019,3,308
2019,4,309
2019,5,337
2019,6,315
2019,7,315
2019,8,318
2019,9,305
2019,10,299
2019,11,305
2019,12,303
2020,1,294
2020,2,279
2020,3,283
2020,4,269
2020,5,280
2020,6,291
2020,7,295
2020,8,297
2020,9,298
2020,10,302
2020,11,301
2020,12,321
2021,1,326
2021,2,365
2021,3,320
2021,4,306
2021,5,309
2021,6,316
2021,7,330
2021,8,316
2021,9,322
2021,10,322
2021,11,349
2021,12,337
2022,1,345
2022,2,375
2022,3,378
2022,4,388
2022,5,433
2022,6,485
2022,7,526
2022,8,566
2022,9,531
2022,10,503
2022,11,507
2022,12,590
2023,1,607
2023,2,690
2023,3,701
2023,4,652
2023,5,672
2023,6,680
2023,7,731
2023,8,792
2023,9,808
2023,10,744
2023,11,810
2023,12,836
2024,1,817
2024,2,828
2024,3,820
2024,4,808
2024,5,899
2024,6,820
2024,7,757
2024,8,859
2024,9,967
2024,10,1072
2024,11,1051
2024,12,1026
2025,1,972
2025,2,934
2025,3,947
2025,4,979
2025,5,937
2025,6,1095
2025,7,975
2025,8,924
2025,9,979
2025,10,960
2025,11,1162
2025,12,1077
